date,close_spot,regime,ema_5,ema_15,position,spot_return,strategy_return,equity,ml_target,ema_spread,ret_lag_1,ret_lag_2,ret_lag_3
2025-01-20,23344.75,-1,23262.09691358025,23216.209680175783,0.0,0.0061004516618397,0.0,1.0,0,45.887233404468134,-0.0046585849226571,0.0042475832715866,0.0016029478707546
2025-01-21,23024.65,-1,23182.94794238684,23192.26472015381,-1.0,-0.0137118624101778,-0.0,1.0,0,-9.316777766969608,0.0061004516618397,-0.0046585849226571,0.0042475832715866
2025-01-22,23155.35,-1,23173.74862825789,23187.650380134583,-1.0,0.0056765249417471,-0.0056765249417471,0.9943234750582529,0,-13.901751876692288,-0.0137118624101778,0.0061004516618397,-0.0046585849226571
2025-01-23,23205.35,-1,23184.282418838597,23189.86283261776,-1.0,0.0021593281898135,-0.0021593281898135,0.9921764043487663,0,-5.580413779163791,0.0056765249417471,-0.0137118624101778,0.0061004516618397
2025-01-24,23092.2,-1,23153.588279225733,23177.65497854054,-1.0,-0.0048760307429104,0.0048760307429104,0.9970142869987612,1,-24.06669931480792,0.0021593281898135,0.0056765249417471,-0.0137118624101778
2025-01-27,22829.15,-1,23045.44218615049,23134.09185622297,-1.0,-0.011391292297832,0.011391292297832,1.0083715681670786,1,-88.64967007248197,-0.0048760307429104,0.0021593281898135,0.0056765249417471
2025-01-28,22957.25,-1,23016.044790766995,23111.9866241951,-1.0,0.0056112470240896,-0.0056112470240896,1.0027133462060247,0,-95.94183342810356,-0.011391292297832,-0.0048760307429104,0.0021593281898135
2025-01-29,23163.1,-1,23065.063193844664,23118.375796170712,-1.0,0.0089666663036731,-0.0089666663036731,0.9937223502323558,0,-53.31260232604836,0.0056112470240896,-0.011391292297832,-0.0048760307429104
2025-01-30,23249.5,-1,23126.542129229776,23134.76632164937,-1.0,0.0037300706727512,-0.0037300706727512,0.9900156956368966,0,-8.224192419595056,0.0089666663036731,0.0056112470240896,-0.011391292297832
2025-01-31,23508.4,-1,23253.828086153186,23181.470531443203,-1.0,0.0111357233488893,-0.0111357233488893,0.9789911547392259,0,72.35755470998265,0.0037300706727512,0.0089666663036731,0.0056112470240896
2025-02-03,23361.05,-1,23289.56872410213,23203.917965012803,-1.0,-0.0062679722992633,0.0062679722992633,0.9851274441783552,1,85.65075908932704,0.0111357233488893,0.0037300706727512,0.0089666663036731
2025-02-04,23739.25,-1,23439.46248273475,23270.8344693862,-1.0,0.0161893408044586,-0.0161893408044586,0.9691788802487266,0,168.62801334854885,-0.0062679722992633,0.0111357233488893,0.0037300706727512
2025-02-05,23696.3,-1,23525.07498848984,23324.017660712925,-1.0,-0.0018092399717767,0.0018092399717767,0.9709323574186742,1,201.05732777691446,0.0161893408044586,-0.0062679722992633,0.0111357233488893
2025-02-06,23603.35,-1,23551.166658993225,23358.93420312381,-1.0,-0.0039225533100104,0.0039225533100104,0.9747408913510631,1,192.2324558694163,-0.0018092399717767,0.0161893408044586,-0.0062679722992633
2025-02-07,23559.95,-1,23554.09443932882,23384.06117773333,-1.0,-0.0018387220458111,0.0018387220458111,0.976533168916944,1,170.03326159549033,-0.0039225533100104,-0.0018092399717767,0.0161893408044586
2025-02-10,23381.6,-1,23496.59629288588,23383.753530516668,-1.0,-0.0075700500213287,0.0075700500213287,0.9839255738531318,1,112.84276236921141,-0.0018387220458111,-0.0039225533100104,-0.0018092399717767
2025-02-11,23071.8,-1,23354.997528590586,23344.759339202083,-1.0,-0.0132497348342286,0.0132497348342286,0.9969623268033021,1,10.238189388503088,-0.0075700500213287,-0.0018387220458111,-0.0039225533100104
2025-02-12,23045.25,-1,23251.748352393726,23307.320671801823,-1.0,-0.0011507554677138,0.0011507554677138,0.9981095866519756,1,-55.57231940809652,-0.0132497348342286,-0.0075700500213287,-0.0018387220458111
2025-02-13,23031.4,-1,23178.29890159582,23272.830587826596,-1.0,-0.0006009915275381,0.0006009915275381,0.9987094420571079,1,-94.53168623077727,-0.0011507554677138,-0.0132497348342286,-0.0075700500213287
2025-02-14,22929.25,-1,23095.28260106388,23229.88301434827,-1.0,-0.0044352492683902,0.0044352492683902,1.003138967379326,1,-134.60041328439183,-0.0006009915275381,-0.0011507554677138,-0.0132497348342286
2025-02-17,22959.5,-1,23050.021734042588,23196.08513755473,-1.0,0.0013192755977626,-0.0013192755977626,1.0018155506184978,0,-146.06340351214385,-0.0044352492683902,-0.0006009915275381,-0.0011507554677138
2025-02-18,22945.3,-1,23015.114489361724,23164.736995360392,-1.0,-0.0006184803676038,0.0006184803676038,1.0024351538685154,1,-149.6225059986682,0.0013192755977626,-0.0044352492683902,-0.0006009915275381
2025-02-19,22932.9,-1,22987.709659574484,23135.75737094034,-1.0,-0.0005404156842576,0.0005404156842576,1.0029768855481171,1,-148.04771136585623,-0.0006184803676038,0.0013192755977626,-0.0044352492683902
2025-02-20,22913.15,-1,22962.856439716325,23107.9314495728,-1.0,-0.0008612081332932,0.0008612081332932,1.0038406573994563,1,-145.07500985647494,-0.0005404156842576,-0.0006184803676038,0.0013192755977626
2025-02-21,22795.9,-1,22907.20429314422,23068.9275183762,-1.0,-0.00511714888612,0.00511714888612,1.0089774595013097,1,-161.7232252319809,-0.0008612081332932,-0.0005404156842576,-0.0006184803676038
2025-02-24,22553.35,-1,22789.252862096146,23004.48032857917,-1.0,-0.0106400712408811,0.0106400712408811,1.019713051550847,1,-215.22746648302564,-0.00511714888612,-0.0008612081332932,-0.0005404156842576
2025-02-25,22547.55,-1,22708.68524139743,22947.364037506773,-1.0,-0.0002571680038663,0.0002571680038663,1.0199752891208307,1,-238.67879610934324,-0.0106400712408811,-0.00511714888612,-0.0008612081332932
2025-02-27,22545.05,-1,22654.140160931624,22897.074782818425,-1.0,-0.0001108767914917,0.0001108767914917,1.0200883807082892,1,-242.93462188680132,-0.0002571680038663,-0.0106400712408811,-0.00511714888612
2025-02-28,22124.7,-1,22477.660107287757,22800.52793496612,-1.0,-0.0186448910071167,0.0186448910071167,1.0391078173842214,1,-322.86782767836485,-0.0001108767914917,-0.0002571680038663,-0.0106400712408811
2025-03-03,22119.3,-1,22358.206738191835,22715.37444309536,-1.0,-0.0002440711060489,0.0002440711060489,1.0393614335785144,1,-357.1677049035243,-0.0186448910071167,-0.0001108767914917,-0.0002571680038663
2025-03-04,22082.65,-1,22266.35449212789,22636.28388770844,-1.0,-0.0016569240437083,0.0016569240437083,1.0410835765279138,1,-369.92939558054786,-0.0002440711060489,-0.0186448910071167,-0.0001108767914917
2025-03-05,22337.3,-1,22290.00299475193,22598.91090174488,-1.0,0.0115316775839855,-0.0115316775839855,1.0290781363854113,0,-308.9079069929503,-0.0016569240437083,-0.0002440711060489,-0.0186448910071167
2025-03-06,22544.7,-1,22374.901996501285,22592.13453902677,-1.0,0.0092849180518683,-0.0092849180518683,1.0195232302201034,0,-217.23254252548577,0.0115316775839855,-0.0016569240437083,-0.0002440711060489
2025-03-07,22552.5,-1,22434.101331000857,22587.180221648425,-1.0,0.000345979321082,-0.000345979321082,1.0191704962650845,0,-153.0788906475682,0.0092849180518683,0.0115316775839855,-0.0016569240437083
2025-03-10,22460.3,-1,22442.83422066724,22571.32019394237,-1.0,-0.004088238554484,0.004088238554484,1.023337108381508,1,-128.48597327513198,0.000345979321082,0.0092849180518683,0.0115316775839855
2025-03-11,22497.9,-1,22461.189480444827,22562.142669699573,-1.0,0.0016740649056334,-0.0016740649056334,1.021623975641734,0,-100.95318925474567,-0.004088238554484,0.000345979321082,0.0092849180518683
2025-03-12,22470.5,-1,22464.29298696322,22550.687335987128,-1.0,-0.0012178914476462,0.0012178914476462,1.0228682027443783,1,-86.39434902390713,0.0016740649056334,-0.004088238554484,0.000345979321082
2025-03-13,22397.2,-1,22441.928657975484,22531.501418988737,-1.0,-0.003262054693932,0.003262054693932,1.0262048547664142,1,-89.5727610132526,-0.0012178914476462,0.0016740649056334,-0.004088238554484
2025-03-17,22508.75,-1,22464.202438650325,22528.657491615144,-1.0,0.0049805332809458,-0.0049805332809458,1.021093807334182,0,-64.4550529648186,-0.003262054693932,-0.0012178914476462,0.0016740649056334
2025-03-18,22834.3,-1,22587.56829243355,22566.862805163248,-1.0,0.0144632642861108,-0.0144632642861108,1.0063254577377967,0,20.70548727030109,0.0049805332809458,-0.003262054693932,-0.0012178914476462
2025-03-19,22907.6,-1,22694.245528289037,22609.45495451784,-1.0,0.0032100830767747,-0.0032100830767747,1.003095069416185,0,84.79057377119534,0.0144632642861108,0.0049805332809458,-0.003262054693932
2025-03-20,23190.65,-1,22859.713685526025,22682.104335203112,-1.0,0.0123561612739877,-0.0123561612739877,0.9907006649653368,0,177.6093503229131,0.0032100830767747,0.0144632642861108,0.0049805332809458
2025-03-21,23350.4,-1,23023.275790350686,22765.64129330272,-1.0,0.0068885520673203,-0.0068885520673203,0.9838761718515943,0,257.63449704796585,0.0123561612739877,0.0032100830767747,0.0144632642861108
2025-03-24,23658.35,-1,23234.967193567125,22877.22988163988,-1.0,0.0131882109085923,-0.0131882109085923,0.970900605389277,0,357.7373119272452,0.0068885520673203,0.0123561612739877,0.0032100830767747
2025-03-25,23668.65,-1,23379.528129044756,22976.157396434894,-1.0,0.0004353642582852,-0.0004353642582852,0.9704779099673431,0,403.3707326098629,0.0131882109085923,0.0068885520673203,0.0123561612739877
2025-03-26,23486.85,-1,23415.302086029835,23039.993971880533,-1.0,-0.0076810464475161,0.0076810464475161,0.9779321958700906,1,375.3081141493021,0.0004353642582852,0.0131882109085923,0.0068885520673203
2025-03-27,23591.95,-1,23474.18472401989,23108.98847539547,-1.0,0.0044748444342259,-0.0044748444342259,0.9735561014263511,0,365.1962486244229,-0.0076810464475161,0.0004353642582852,0.0131882109085923
2025-03-28,23519.35,-1,23489.23981601326,23160.283665971037,-1.0,-0.0030773208658039,0.0030773208658039,0.9765520459313011,1,328.9561500422242,0.0044748444342259,-0.0076810464475161,0.0004353642582852
2025-04-01,23165.7,-1,23381.39321067551,23160.96070772465,-1.0,-0.0150365550068346,0.0150365550068346,0.9912360244869839,1,220.43250295085818,-0.0030773208658039,0.0044748444342259,-0.0076810464475161
2025-04-02,23332.35,-1,23365.045473783677,23182.384369259074,-1.0,0.0071938253538634,-0.0071938253538634,0.9841052456423667,0,182.6611045246027,-0.0150365550068346,-0.0030773208658039,0.0044748444342259
2025-04-03,23250.1,-1,23326.730315855784,23190.848823101693,-1.0,-0.0035251485598322,0.0035251485598322,0.9875743628317661,1,135.8814927540916,0.0071938253538634,-0.0150365550068346,-0.0030773208658039
2025-04-04,22904.45,-1,23185.97021057053,23155.048970213986,-1.0,-0.0148666027242893,0.0148666027242893,1.002256238544679,1,30.92124035654342,-0.0035251485598322,0.0071938253538634,-0.0150365550068346
2025-04-07,22161.6,-1,22844.513473713683,23030.86784893724,-1.0,-0.0324325622313569,0.0324325622313569,1.034761976373045,1,-186.35437522355642,-0.0148666027242893,-0.0035251485598322,0.0071938253538634
2025-04-08,22535.85,-1,22741.625649142457,22968.990617820084,-1.0,0.0168873186051548,-0.0168873186051548,1.0172876211975337,0,-227.36496867762617,-0.0324325622313569,-0.0148666027242893,-0.0035251485598322
2025-04-09,22399.15,1,22627.467099428308,22897.76054059257,-1.0,-0.006065890569914,0.006065890569914,1.023458376585846,1,-270.29344116426364,0.0168873186051548,-0.0324325622313569,-0.0148666027242893
2025-04-11,22828.55,0,22694.494732952207,22889.1092230185,-1.0,0.0191703703042303,-0.0191703703042303,1.003838300515729,0,-194.61449006629118,-0.006065890569914,0.0168873186051548,-0.0324325622313569
2025-04-15,23328.55,1,22905.84648863481,22944.039320141183,-1.0,0.0219023985316633,-0.0219023985316633,0.9818518339964859,0,-38.192831506374205,0.0191703703042303,-0.006065890569914,0.0168873186051548
2025-04-16,23437.2,0,23082.96432575654,23005.68440512354,-1.0,0.0046573833350123,-0.0046573833350123,0.9772789736273794,0,77.2799206330019,0.0219023985316633,0.0191703703042303,-0.006065890569914
2025-04-17,23851.65,1,23339.19288383769,23111.430104483097,-1.0,0.0176834263478573,-0.0176834263478573,0.9599973328759299,0,227.7627793545944,0.0046573833350123,0.0219023985316633,0.0191703703042303
2025-04-21,24125.55,0,23601.311922558463,23238.19509142271,-1.0,0.0114834822748111,-0.0114834822748111,0.9489732205199832,0,363.1168311357542,0.0176834263478573,0.0046573833350123,0.0219023985316633
2025-04-22,24167.25,1,23789.95794837231,23354.32695499487,-1.0,0.0017284580040661,-0.0017284580040661,0.9473329601613311,0,435.63099337743915,0.0114834822748111,0.0176834263478573,0.0046573833350123
2025-04-23,24328.95,0,23969.621965581544,23476.154835620517,-1.0,0.0066908729789281,-0.0066908729789281,0.9409944756561396,0,493.46712996102724,0.0017284580040661,0.0114834822748111,0.0176834263478573
2025-04-24,24246.7,1,24061.9813103877,23572.47298116795,-1.0,-0.0033807459836943,0.0033807459836943,0.9441757389503926,1,489.5083292197487,0.0066908729789281,0.0017284580040661,0.0114834822748111
2025-04-25,24039.35,0,24054.437540258463,23630.83260852196,-1.0,-0.0085516791975815,0.0085516791975815,0.9522500269760359,1,423.6049317365032,-0.0033807459836943,0.0066908729789281,0.0017284580040661
2025-04-28,24328.5,1,24145.79169350565,23718.041032456716,-1.0,0.0120281954378966,-0.0120281954378966,0.9407961775458259,0,427.75066104893267,-0.0085516791975815,-0.0033807459836943,0.0066908729789281
2025-04-29,24335.95,0,24209.17779567043,23795.279653399622,-1.0,0.0003062252091168,-0.0003062252091168,0.9405080820396207,0,413.89814227080933,0.0120281954378966,-0.0085516791975815,-0.0033807459836943
2025-04-30,24334.2,1,24250.85186378029,23862.644696724677,-1.0,-7.191007542339811e-05,7.191007542339811e-05,0.9405757140467365,1,388.20716705561426,0.0003062252091168,0.0120281954378966,-0.0085516791975815
2025-05-02,24346.7,0,24282.8012425202,23923.151609634093,-1.0,0.000513680334673,-0.000513680334673,0.9400925587991596,0,359.6496328861067,-7.191007542339811e-05,0.0003062252091168,0.0120281954378966
2025-05-05,24461.15,1,24342.2508283468,23990.40140842983,-1.0,0.0047008424139616,-0.0047008424139616,0.9356733318257069,0,351.8494199169727,0.000513680334673,-7.191007542339811e-05,0.0003062252091168
2025-05-06,24379.6,0,24354.7005522312,24039.0512323761,-1.0,-0.0033338579747886,0.0033338579747886,0.938792733824811,1,315.64931985509975,0.0047008424139616,0.000513680334673,-7.191007542339811e-05
2025-05-07,24414.4,1,24374.600368154133,24085.969828329085,-1.0,0.0014274229273656,-0.0014274229273656,0.9374526795525052,0,288.6305398250479,-0.0033338579747886,0.0047008424139616,0.000513680334673
2025-05-08,24273.8,0,24341.00024543609,24109.44859978795,-1.0,-0.0057588963890163,0.0057588963890163,0.9428513724036538,1,231.55164564814186,0.0014274229273656,-0.0033338579747886,0.0047008424139616
2025-05-09,24008.0,1,24230.000163624063,24096.76752481445,-1.0,-0.0109500778617274,0.0109500778617274,0.9531756683435103,1,133.23263880961167,-0.0057588963890163,0.0014274229273656,-0.0033338579747886
2025-05-12,24924.7,0,24461.56677574938,24200.25908421265,-1.0,0.0381831056314561,-0.0381831056314561,0.9167804611138163,0,261.307691536731,-0.0109500778617274,-0.0057588963890163,0.0014274229273656
2025-05-13,24578.35,1,24500.49451716625,24247.520448686068,-1.0,-0.0138958543131914,0.0138958543131914,0.9295199088386342,1,252.97406848018363,0.0381831056314561,-0.0109500778617274,-0.0057588963890163
2025-05-14,24666.9,0,24555.96301144417,24299.94289260031,-1.0,0.0036027642213576,-0.0036027642213576,0.9261710677680308,0,256.0201188438623,-0.0138958543131914,0.0381831056314561,-0.0109500778617274
2025-05-15,25062.1,1,24724.67534096278,24395.21253102527,-1.0,0.016021470067175,-0.016021470067175,0.9113324457287018,0,329.46280993751134,0.0036027642213576,-0.0138958543131914,0.0381831056314561
2025-05-16,25019.8,0,24823.05022730852,24473.28596464711,-1.0,-0.0016878074862042,0.0016878074862042,0.9128705994530234,1,349.764262661407,0.016021470067175,0.0036027642213576,-0.0138958543131914
2025-05-19,24945.45,1,24863.850151539016,24532.306469066225,-1.0,-0.0029716464560067,0.0029716464560067,0.9155833281346808,1,331.54368247279126,-0.0016878074862042,0.016021470067175,0.0036027642213576
2025-05-20,24683.9,0,24803.86676769268,24551.255660432947,-1.0,-0.0104848780038042,0.0104848780038042,0.92518310763249,1,252.61110725973413,-0.0029716464560067,-0.0016878074862042,0.016021470067175
2025-05-21,24813.45,1,24807.061178461787,24584.02995287883,-1.0,0.0052483602672186,-0.0052483602672186,0.9203274133704897,0,223.0312255829558,-0.0104848780038042,-0.0029716464560067,-0.0016878074862042
2025-05-22,24609.7,0,24741.27411897453,24587.23870876898,-1.0,-0.0082112725155107,0.0082112725155107,0.9278844725651699,1,154.03541020554985,0.0052483602672186,-0.0104848780038042,-0.0029716464560067
2025-05-23,24853.15,1,24778.566079316355,24620.477620172856,-1.0,0.0098924407855438,-0.0098924407855438,0.9187054303644934,0,158.08845914349877,-0.0082112725155107,0.0052483602672186,-0.0104848780038042
2025-05-26,25001.15,0,24852.76071954424,24668.061667651247,-1.0,0.0059549795498758,-0.0059549795498758,0.913234558314313,0,184.69905189299243,0.0098924407855438,-0.0082112725155107,0.0052483602672186
2025-05-27,24826.2,1,24843.907146362828,24687.82895919484,-1.0,-0.006997678106807,0.006997678106807,0.9196250797894087,1,156.07818716798647,0.0059549795498758,0.0098924407855438,-0.0082112725155107
2025-05-28,24752.45,0,24813.421430908555,24695.90658929549,-1.0,-0.0029706519725128,0.0029706519725128,0.9223569658466573,1,117.51484161306507,-0.006997678106807,0.0059549795498758,0.0098924407855438
2025-05-29,24833.6,1,24820.147620605705,24713.118265633555,-1.0,0.0032784633440325,-0.0032784633440325,0.919333052344016,0,107.02935497215003,-0.0029706519725128,-0.006997678106807,0.0059549795498758
2025-05-30,24750.7,0,24796.99841373714,24717.81598242936,-1.0,-0.003338219186908,0.003338219186908,0.9224019875785094,1,79.18243130777773,0.0032784633440325,-0.0029706519725128,-0.006997678106807
2025-06-02,24716.6,1,24770.198942491428,24717.66398462569,-1.0,-0.0013777388114276,0.0013777388114276,0.9236728165965342,1,52.53495786573694,-0.003338219186908,0.0032784633440325,-0.0029706519725128
2025-06-03,24542.5,0,24694.299294994285,24695.76848654748,-1.0,-0.0070438490730925,0.0070438490730925,0.9301790285095584,1,-1.4691915531948325,-0.0013777388114276,-0.003338219186908,0.0032784633440325
2025-06-04,24620.2,1,24669.599529996198,24686.32242572905,-1.0,0.0031659366405216,-0.0031659366405216,0.9272341406409552,0,-16.72289573285161,-0.0070438490730925,-0.0013777388114276,-0.003338219186908
2025-06-05,24750.9,0,24696.69968666413,24694.394622512915,-1.0,0.0053086489955402,-0.0053086489955402,0.9223117800516111,0,2.3050641512163565,0.0031659366405216,-0.0070438490730925,-0.0013777388114276
2025-06-06,25003.05,1,24798.816457776087,24732.9765446988,-1.0,0.0101875083330302,-0.0101875083330302,0.9129157211066834,0,65.83991307728866,0.0053086489955402,0.0031659366405216,-0.0070438490730925
2025-06-09,25103.2,0,24900.277638517397,24779.25447661145,-1.0,0.004005511327618,-0.004005511327618,0.9092590268446301,0,121.02316190594502,0.0101875083330302,0.0053086489955402,0.0031659366405216
2025-06-10,25104.25,1,24968.268425678263,24819.87891703502,-1.0,4.182733675395234e-05,-4.182733675395234e-05,0.9092209949611177,0,148.38950864324215,0.004005511327618,0.0101875083330302,0.0053086489955402
2025-06-11,25141.4,0,25025.97895045218,24860.069052405644,-1.0,0.0014798291126005,-0.0014798291126005,0.9078755032629867,0,165.9098980465351,4.182733675395234e-05,0.004005511327618,0.0101875083330302
2025-06-12,24888.2,1,24980.052633634787,24863.58542085494,-1.0,-0.0100710382078961,0.0100710382078961,0.9170187521443611,1,116.46721277984761,0.0014798291126005,4.182733675395234e-05,0.004005511327618
2025-06-13,24718.6,0,24892.901755756528,24845.462243248072,-1.0,-0.0068144743292002,0.0068144743292002,0.9232677528902441,1,47.439512508455664,-0.0100710382078961,0.0014798291126005,4.182733675395234e-05
2025-06-16,24946.5,1,24910.76783717102,24858.091962842063,-1.0,0.0092197778191323,-0.0092197778191323,0.9147554293410265,0,52.675874328957434,-0.0068144743292002,-0.0100710382078961,0.0014798291126005
2025-06-17,24853.4,0,24891.645224780685,24857.505467486804,-1.0,-0.0037319864510051,0.0037319864510051,0.9181692842093105,1,34.13975729388039,0.0092197778191323,-0.0068144743292002,-0.0100710382078961
2025-06-18,24812.05,1,24865.113483187124,24851.823534050956,-1.0,-0.0016637562667483,0.0016637562667483,0.9196968941098496,1,13.289949136167706,-0.0037319864510051,0.0092197778191323,-0.0068144743292002
2025-06-19,24793.25,0,24841.158988791416,24844.501842294583,-1.0,-0.0007576963612437,0.0007576963612437,0.9203937450999637,1,-3.3428535031671345,-0.0016637562667483,-0.0037319864510051,0.0092197778191323
2025-06-20,25112.4,1,24931.57265919428,24877.98911200776,-1.0,0.0128724552045416,-0.0128724552045416,0.9085460178456242,0,53.58354718652117,-0.0007576963612437,-0.0016637562667483,-0.0037319864510051
2025-06-23,24971.9,0,24945.01510612952,24889.72797300679,-1.0,-0.0055948455742979,0.0055948455742979,0.9136291925126137,1,55.28713312272885,0.0128724552045416,-0.0007576963612437,-0.0016637562667483
2025-06-24,25044.35,1,24978.126737419683,24909.055726380942,-1.0,0.0029012610173835,-0.0029012610173835,0.9109785157520333,0,69.07101103874083,-0.0055948455742979,0.0128724552045416,-0.0007576963612437
2025-06-25,25244.75,0,25067.00115827979,24951.01751058333,-1.0,0.0080018047982879,-0.0080018047982879,0.9036890434935514,0,115.98364769645923,0.0029012610173835,-0.0055948455742979,0.0128724552045416
2025-06-26,25549.0,1,25227.667438853197,25025.76532176041,-1.0,0.0120520108141297,-0.0120520108141297,0.8927977733687567,0,201.9021170927881,0.0080018047982879,0.0029012610173835,-0.0055948455742979
2025-06-27,25637.8,0,25364.3782925688,25102.26965654036,-1.0,0.0034756741946846,-0.0034756741946846,0.889694699186787,0,262.1086360284389,0.0120520108141297,0.0080018047982879,0.0029012610173835
2025-06-30,25517.05,1,25415.26886171253,25154.11719947281,-1.0,-0.0047098424981862,0.0047098424981862,0.8938850210914279,1,261.1516622397212,0.0034756741946846,0.0120520108141297,0.0080018047982879
2025-07-01,25541.8,0,25457.445907808356,25202.577549538702,-1.0,0.0009699397069802,-0.0009699397069802,0.8930180065159964,0,254.86835826965398,-0.0047098424981862,0.0034756741946846,0.0120520108141297
2025-07-02,25453.4,1,25456.09727187224,25233.93035584637,-1.0,-0.0034609933520737,0.0034609933520737,0.8961087358998304,1,222.16691602587161,0.0009699397069802,-0.0047098424981862,0.0034756741946846
2025-07-03,25405.3,0,25439.164847914828,25255.351561365573,-1.0,-0.0018897278948981,0.0018897278948981,0.8978021375749222,1,183.81328654925528,-0.0034609933520737,0.0009699397069802,-0.0047098424981862
2025-07-04,25461.0,1,25446.44323194322,25281.05761619488,-1.0,0.0021924559048702,-0.0021924559048702,0.8958337459769911,0,165.38561574833875,-0.0018897278948981,-0.0034609933520737,0.0009699397069802
2025-07-07,25461.3,0,25451.39548796215,25303.587914170515,-1.0,1.1782726522913125e-05,-1.1782726522913125e-05,0.8958231906129522,0,147.80757379163333,0.0021924559048702,-0.0018897278948981,-0.0034609933520737
2025-07-08,25522.5,1,25475.09699197477,25330.9519248992,-1.0,0.0024036478891493,-0.0024036478891493,0.8936699470917845,0,144.1450670755694,1.1782726522913125e-05,0.0021924559048702,-0.0018897278948981
2025-07-09,25476.1,0,25475.43132798318,25349.095434286803,-1.0,-0.0018180037222059,0.0018180037222059,0.8952946423820209,1,126.33589369637775,0.0024036478891493,1.1782726522913125e-05,0.0021924559048702
2025-07-10,25355.25,1,25435.37088532212,25349.864755000952,-1.0,-0.0047436617064621,0.0047436617064621,0.8995416172930891,1,85.50613032116962,-0.0018180037222059,0.0024036478891493,1.1782726522913125e-05
2025-07-11,25149.85,0,25340.197256881416,25324.862910625838,-1.0,-0.0081008864041963,0.0081008864041963,0.9068287017506275,1,15.334346255578566,-0.0047436617064621,-0.0018180037222059,0.0024036478891493
2025-07-14,25082.3,1,25254.231504587613,25294.5425467976,-1.0,-0.0026859007111373,0.0026859007111373,0.9092643536055391,1,-40.31104220998532,-0.0081008864041963,-0.0047436617064621,-0.0018180037222059
2025-07-15,25195.8,0,25234.754336391743,25282.1997284479,-1.0,0.0045251033597397,-0.0045251033597397,0.9051498384241472,0,-47.44539205615729,-0.0026859007111373,-0.0081008864041963,-0.0047436617064621
2025-07-16,25212.05,1,25227.186224261164,25273.431012391917,-1.0,0.0006449487613013,-0.0006449487613013,0.9045660631570634,0,-46.24478813075257,0.0045251033597397,-0.0026859007111373,-0.0081008864041963
2025-07-17,25111.45,0,25188.60748284078,25253.183385842924,-1.0,-0.00399015550104,0.00399015550104,0.9081754224100237,1,-64.5759030021436,0.0006449487613013,0.0045251033597397,-0.0026859007111373
2025-07-18,24968.4,1,25115.204988560523,25217.58546261256,-1.0,-0.0056966045369741,0.0056966045369741,0.9133489386416931,1,-102.38047405203542,-0.00399015550104,0.0006449487613013,0.0045251033597397
2025-07-21,25090.7,0,25107.03665904035,25201.72477978599,-1.0,0.0048981913138206,-0.0048981913138206,0.908875180803951,0,-94.68812074563903,-0.0056966045369741,-0.00399015550104,0.0006449487613013
2025-07-22,25060.9,1,25091.65777269357,25184.12168231274,-1.0,-0.0011876910568456,0.0011876910568456,0.9099546437279807,1,-92.46390961917132,0.0048981913138206,-0.0056966045369741,-0.00399015550104
2025-07-23,25219.9,0,25134.405181795715,25188.59397202365,-1.0,0.0063445446891372,-0.0063445446891372,0.9041813958257606,0,-54.18879022793408,-0.0011876910568456,0.0048981913138206,-0.0056966045369741
2025-07-24,25062.1,1,25110.30345453048,25172.78222552069,-1.0,-0.0062569637468825,0.0062569637468825,0.9098388260400481,1,-62.47877099020843,0.0063445446891372,-0.0011876910568456,0.0048981913138206
2025-07-25,24837.0,0,25019.202303020324,25130.809447330605,-1.0,-0.0089816894833233,0.0089816894833233,0.9180107158554112,1,-111.607144310281,-0.0062569637468825,0.0063445446891372,-0.0011876910568456
2025-07-28,24680.9,1,24906.43486868022,25074.57076641428,-1.0,-0.0062849780569311,0.0062849780569311,0.9237803930605901,1,-168.13589773406056,-0.0089816894833233,-0.0062569637468825,0.0063445446891372
2025-07-29,24821.1,0,24877.98991245348,25042.88692061249,-1.0,0.0056805059783069,-0.0056805059783069,0.9185328530151667,0,-164.89700815901233,-0.0062849780569311,-0.0089816894833233,-0.0062569637468825
2025-07-30,24855.05,1,24870.34327496899,25019.407305535933,-1.0,0.0013677878901419,-0.0013677878901419,0.917276494902115,0,-149.06403056694398,0.0056805059783069,-0.0062849780569311,-0.0089816894833233
2025-07-31,24768.35,0,24836.345516645997,24988.025142343944,-1.0,-0.0034882247269669,0.0034882247269669,0.9204761614530982,1,-151.6796256979469,0.0013677878901419,0.0056805059783069,-0.0062849780569311
2025-08-01,24565.35,1,24746.013677764,24935.19074955095,-1.0,-0.0081959436135229,0.0081959436135229,0.9280203321699597,1,-189.17707178695127,-0.0034882247269669,0.0013677878901419,0.0056805059783069
2025-08-04,24722.75,0,24738.259118509333,24908.635655857084,-1.0,0.0064073990397044,-0.0064073990397044,0.9220741355847877,0,-170.37653734775085,-0.0081959436135229,-0.0034882247269669,0.0013677878901419
2025-08-05,24649.55,1,24708.68941233956,24876.249948874945,-1.0,-0.0029608356675532,0.0029608356675532,0.9248042455735555,1,-167.56053653538402,0.0064073990397044,-0.0081959436135229,-0.0034882247269669
2025-08-06,24574.2,0,24663.859608226376,24838.49370526558,-1.0,-0.0030568509364268,0.0030568509364268,0.9276312342976485,1,-174.6340970392048,-0.0029608356675532,0.0064073990397044,-0.0081959436135229
2025-08-07,24596.15,1,24641.289738817588,24808.200742107383,-1.0,0.0008932132073475,-0.0008932132073475,0.9268026618276258,0,-166.9110032897952,-0.0030568509364268,-0.0029608356675532,0.0064073990397044
2025-08-08,24363.3,0,24548.62649254506,24752.58814934396,-1.0,-0.0094669287673071,0.0094669287673071,0.9355766366084985,1,-203.96165679889964,0.0008932132073475,-0.0030568509364268,-0.0029608356675532
2025-08-11,24585.05,1,24560.767661696707,24731.64588067596,-1.0,0.0091018047637225,-0.0091018047637225,0.9270612007205878,0,-170.87821897925096,-0.0094669287673071,0.0008932132073475,-0.0030568509364268
2025-08-12,24487.4,0,24536.311774464477,24701.115145591462,-1.0,-0.0039719260282162,0.0039719260282162,0.9307434192334794,1,-164.80337112698544,0.0091018047637225,-0.0094669287673071,0.0008932132073475
2025-08-13,24619.35,1,24563.991182976315,24690.894502392533,-1.0,0.005388485506832,-0.005388485506832,0.9257281218083605,0,-126.90331941621844,-0.0039719260282162,0.0091018047637225,-0.0094669287673071
2025-08-14,24631.3,0,24586.427455317546,24683.445189593465,-1.0,0.0004853905566151,-0.0004853905566151,0.9252787821200417,0,-97.01773427591979,0.005388485506832,-0.0039719260282162,0.0091018047637225
2025-08-18,24876.95,1,24683.268303545028,24707.63329089428,-1.0,0.0099730830285045,-0.0099730830285045,0.916050900001445,0,-24.36498734925044,0.0004853905566151,0.005388485506832,-0.0039719260282162
2025-08-19,24980.65,0,24782.39553569669,24741.760379532498,-1.0,0.0041685174428538,-0.0041685174428538,0.9122323258462469,0,40.63515616419318,0.0099730830285045,0.0004853905566151,0.005388485506832
2025-08-20,25050.55,1,24871.78035713113,24780.35908209093,-1.0,0.0027981657803137,-0.0027981657803137,0.909679748568368,0,91.42127504020027,0.0041685174428538,0.0099730830285045,0.0004853905566151
2025-08-21,25083.75,0,24942.43690475409,24818.282946829568,-1.0,0.0013253202025504,-0.0013253202025504,0.9084741316197393,0,124.15395792452182,0.0027981657803137,0.0041685174428538,0.0099730830285045
2025-08-22,24870.1,1,24918.3246031694,24824.760078475872,-1.0,-0.0085174664872677,0.0085174664872677,0.9162120295903602,1,93.56452469352735,0.0013253202025504,0.0027981657803137,0.0041685174428538
2025-08-25,24967.75,0,24934.799735446264,24842.63381866639,-1.0,0.0039264015826234,-0.0039264015826234,0.912614613227358,0,92.16591677987526,-0.0085174664872677,0.0013253202025504,0.0027981657803137
2025-08-26,24712.05,1,24860.549823630845,24826.31084133309,-1.0,-0.0102412111623995,0.0102412111623995,0.9219608921913109,1,34.23898229775659,0.0039264015826234,-0.0085174664872677,0.0013253202025504
2025-08-28,24500.9,0,24740.666549087236,24785.63448616645,-1.0,-0.0085444145669824,0.0085444145669824,0.9298385082687385,1,-44.96793707921461,-0.0102412111623995,0.0039264015826234,-0.0085174664872677
2025-08-29,24426.85,1,24636.061032724825,24740.786425395647,-1.0,-0.0030223379549323,0.0030223379549323,0.9326487944842368,1,-104.72539267082175,-0.0085444145669824,-0.0102412111623995,0.0039264015826234
2025-09-01,24625.05,0,24632.390688483218,24726.31937222119,-1.0,0.0081140220699762,-0.0081140220699762,0.9250812615822549,0,-93.92868373797319,-0.0030223379549323,-0.0085444145669824,-0.0102412111623995
2025-09-02,24579.6,1,24614.793792322147,24707.979450693543,-1.0,-0.0018456815316111,0.0018456815316111,0.9267886669819967,1,-93.18565837139613,0.0081140220699762,-0.0030223379549323,-0.0085444145669824
2025-09-03,24715.05,0,24648.212528214764,24708.86326935685,-1.0,0.0055106673827076,-0.0055106673827076,0.921681442904196,0,-60.65074114208619,-0.0018456815316111,0.0081140220699762,-0.0030223379549323
2025-09-04,24734.3,1,24676.90835214318,24712.042860687245,-1.0,0.0007788776474253,-0.0007788776474253,0.9209635658302712,0,-35.13450854406619,0.0055106673827076,-0.0018456815316111,0.0081140220699762
2025-09-05,24741.0,0,24698.27223476212,24715.66250310134,-1.0,0.0002708789009593,-0.0002708789009593,0.9207140962317355,0,-17.390268339218892,0.0007788776474253,0.0055106673827076,-0.0018456815316111
2025-09-08,24773.15,1,24723.23148984141,24722.84844021367,-1.0,0.0012994624307829,-0.0012994624307829,0.9195176628541901,0,0.3830496277405473,0.0002708789009593,0.0007788776474253,0.0055106673827076
2025-09-09,24868.6,0,24771.68765989428,24741.06738518696,-1.0,0.0038529617751474,-0.0038529617751474,0.91597479644764,0,30.62027470731846,0.0012994624307829,0.0002708789009593,0.0007788776474253
2025-09-10,24973.1,1,24838.82510659619,24770.07146203859,-1.0,0.0042020861648826,-0.0042020861648826,0.9121257914281062,0,68.753644557597,0.0038529617751474,0.0012994624307829,0.0002708789009593
2025-09-11,25005.5,0,24894.383404397464,24799.50002928377,-1.0,0.0012973959980939,-0.0012973959980939,0.9109424030765492,0,94.88337511369537,0.0042020861648826,0.0038529617751474,0.0012994624307829
2025-09-12,25114.0,1,24967.588936264976,24838.812525623296,-1.0,0.0043390454100098,-0.0043390454100098,0.9069897826236966,0,128.77641064167983,0.0012973959980939,0.0042020861648826,0.0038529617751474
2025-09-15,25069.2,0,25001.45929084332,24867.610959920385,-1.0,-0.0017838655729871,0.0017838655729871,0.9086077304719701,1,133.8483309229341,0.0043390454100098,0.0012973959980939,0.0042020861648826
2025-09-16,25239.1,1,25080.672860562216,24914.047089930336,-1.0,0.0067772405980246,-0.0067772405980246,0.9024498772733364,0,166.62577063187928,-0.0017838655729871,0.0043390454100098,0.0012973959980939
2025-09-17,25330.25,0,25163.865240374813,24966.072453689045,-1.0,0.0036114599965926,-0.0036114599965926,0.8991907156426338,0,197.79278668576808,0.0067772405980246,-0.0017838655729871,0.0043390454100098
2025-09-18,25423.6,1,25250.44349358321,25023.26339697792,-1.0,0.0036853169629198,-0.0036853169629198,0.895876912845376,0,227.1800966052906,0.0036114599965926,0.0067772405980246,-0.0017838655729871
2025-09-19,25327.05,0,25275.97899572214,25061.23672235568,-1.0,-0.003797652574773,0.003797652574773,0.8992791421101228,1,214.74227336646072,0.0036853169629198,0.0036114599965926,0.0067772405980246
2025-09-22,25202.35,1,25251.43599714809,25078.875882061217,-1.0,-0.0049235896008418,0.0049235896008418,0.9037068235424701,1,172.56011508687516,-0.003797652574773,0.0036853169629198,0.0036114599965926
2025-09-23,25169.5,0,25224.12399809873,25090.203896803563,-1.0,-0.0013034498766979,0.0013034498766979,0.9048847600901876,1,133.92010129516711,-0.0049235896008418,-0.003797652574773,0.0036853169629198
2025-09-24,25056.9,1,25168.38266539916,25086.04090970312,-1.0,-0.0044736685273842,0.0044736685273842,0.9089329145623127,1,82.34175569604122,-0.0013034498766979,-0.0049235896008418,-0.003797652574773
2025-09-25,24890.85,0,25075.87177693277,25061.64204599023,-1.0,-0.0066269171365972,0.0066269171365972,0.9149563376698429,1,14.22973094254121,-0.0044736685273842,-0.0013034498766979,-0.0049235896008418
2025-09-26,24654.7,1,24935.48118462185,25010.77429024145,-1.0,-0.0094874220848222,0.0094874220848222,0.9236369146344998,1,-75.29310561959937,-0.0066269171365972,-0.0044736685273842,-0.0013034498766979
2025-09-29,24634.9,0,24835.287456414568,24963.790003961272,-1.0,-0.0008030923109995,0.0008030923109995,0.924378680338798,1,-128.5025475467046,-0.0094874220848222,-0.0066269171365972,-0.0044736685273842
2025-09-30,24611.1,1,24760.558304276383,24919.703753466118,-1.0,-0.0009661090566636,0.0009661090566636,0.92527173095366,1,-159.1454491897348,-0.0008030923109995,-0.0094874220848222,-0.0066269171365972
2025-10-01,24836.3,0,24785.805536184256,24909.27828428285,-1.0,0.0091503427315318,-0.0091503427315318,0.9168051774956363,0,-123.472748098593,-0.0009661090566636,-0.0008030923109995,-0.0094874220848222
2025-10-03,24894.25,1,24821.953690789505,24907.39974874749,-1.0,0.0023332783063501,-0.0023332783063501,0.9146660158638362,0,-85.44605795798634,0.0091503427315318,-0.0009661090566636,-0.0008030923109995
2025-10-06,25077.65,0,24907.185793859677,24928.681030154054,-1.0,0.0073671630999125,-0.0073671630999125,0.9079275221430202,0,-21.49523629437681,0.0023332783063501,0.0091503427315318,-0.0009661090566636
2025-10-07,25108.3,1,24974.22386257312,24951.133401384795,-1.0,0.0012222038348888,-0.0012222038348888,0.9068178496436559,0,23.09046118832339,0.0073671630999125,0.0023332783063501,0.0091503427315318
2025-10-08,25046.15,0,24998.19924171541,24963.010476211693,-1.0,-0.0024752770996043,0.0024752770996043,0.9090624751003913,1,35.18876550371715,0.0012222038348888,0.0073671630999125,0.0023332783063501
2025-10-09,25181.8,1,25059.399494476944,24990.35916668523,-1.0,0.0054160020601967,-0.0054160020601967,0.9041389908624001,0,69.04032779171393,-0.0024752770996043,0.0012222038348888,0.0073671630999125
2025-10-10,25285.35,0,25134.71632965129,25027.233020849577,-1.0,0.0041120968318388,-0.0041120968318388,0.9004210837825329,0,107.48330880171488,0.0054160020601967,-0.0024752770996043,0.0012222038348888
2025-10-13,25227.35,1,25165.59421976753,25052.24764324338,-1.0,-0.0022938183572701,0.0022938183572701,0.9024864861937864,1,113.34657652414899,0.0041120968318388,0.0054160020601967,-0.0024752770996043
2025-10-14,25145.5,0,25158.896146511688,25063.90418783796,-1.0,-0.0032444945664129,0.0032444945664129,0.9054145986945032,1,94.99195867372691,-0.0022938183572701,0.0041120968318388,0.0054160020601967
2025-10-15,25323.55,1,25213.78076434113,25096.35991435821,-1.0,0.0070807898033444,-0.0070807898033444,0.899003548236268,0,117.4208499829183,-0.0032444945664129,-0.0022938183572701,0.0041120968318388
2025-10-16,25585.3,0,25337.62050956075,25157.477425063436,-1.0,0.01033622853036,-0.01033622853036,0.8897112421120935,0,180.1430844973147,0.0070807898033444,-0.0032444945664129,-0.0022938183572701
2025-10-17,25709.85,1,25461.697006373837,25226.523996930504,-1.0,0.0048680296889229,-0.0048680296889229,0.8853801013709234,0,235.17300944333329,0.01033622853036,0.0070807898033444,-0.0032444945664129
2025-10-20,25843.15,0,25588.848004249223,25303.60224731419,-1.0,0.0051847832640019,-0.0051847832640019,0.8807895974390552,0,285.24575693503357,0.0048680296889229,0.01033622853036,0.0070807898033444
2025-10-21,25868.6,1,25682.098669499483,25374.22696639992,-1.0,0.0009847870712353,-0.0009847870712353,0.8799222072310187,0,307.8717030995613,0.0051847832640019,0.0048680296889229,0.01033622853036
2025-10-23,25891.4,0,25751.865779666325,25438.873595599925,-1.0,0.0008813774228215,-0.0008813774228215,0.8791466636637261,0,312.9921840663992,0.0009847870712353,0.0051847832640019,0.0048680296889229
2025-10-24,25795.15,1,25766.29385311089,25483.408146149934,-1.0,-0.0037174505820465,0.0037174505820465,0.882414847940267,1,282.88570696095485,0.0008813774228215,0.0009847870712353,0.0051847832640019
2025-10-27,25966.05,0,25832.87923540726,25543.73837788119,-1.0,0.0066252764570082,-0.0066252764570082,0.876568605622894,0,289.14085752607207,-0.0037174505820465,0.0008813774228215,0.0009847870712353
2025-10-28,25936.2,1,25867.31949027151,25592.796080646043,-1.0,-0.0011495780066663,0.0011495780066663,0.8775762896132523,1,274.52340962546805,0.0066252764570082,-0.0037174505820465,0.0008813774228215
2025-10-29,26053.9,0,25929.51299351434,25650.434070565287,-1.0,0.0045380587749941,-0.0045380587749941,0.8735937968314461,0,279.0789229490547,-0.0011495780066663,0.0066252764570082,-0.0037174505820465
2025-10-30,25877.85,1,25912.291995676227,25678.86106174463,-1.0,-0.0067571457632064,0.0067571457632064,0.8794967974544691,1,233.4309339315987,0.0045380587749941,-0.0011495780066663,0.0066252764570082
2025-10-31,25722.1,0,25848.894663784155,25684.26592902655,-1.0,-0.0060186607465457,0.0060186607465457,0.884790190306021,1,164.62873475760352,-0.0067571457632064,0.0045380587749941,-0.0011495780066663
2025-11-03,25763.35,1,25820.379775856105,25694.151437898232,-1.0,0.001603679326338,-0.001603679326338,0.8833712705696806,0,126.22833795787301,-0.0060186607465457,-0.0067571457632064,0.0045380587749941
2025-11-04,25597.65,0,25746.136517237406,25682.088758160957,-1.0,-0.0064316170063286,0.0064316170063286,0.8890527762563786,1,64.04775907644944,0.001603679326338,-0.0060186607465457,-0.0067571457632064
2025-11-06,25509.7,1,25667.32434482494,25660.54016339084,-1.0,-0.0034358622764198,0.0034358622764198,0.8921074391520643,1,6.784181434100901,-0.0064316170063286,0.001603679326338,-0.0060186607465457
2025-11-07,25492.3,0,25608.98289654996,25639.51014296698,-1.0,-0.0006820934781671,0.0006820934781671,0.8927159398181342,1,-30.52724641702298,-0.0034358622764198,-0.0064316170063286,0.001603679326338
2025-11-10,25574.35,1,25597.438597699977,25631.36512509611,-1.0,0.0032186189555276,-0.0032186189555276,0.889842627372334,0,-33.92652739613186,-0.0006820934781671,-0.0034358622764198,-0.0064316170063286
2025-11-11,25694.95,0,25629.942398466654,25639.313234459096,-1.0,0.0047156623726507,-0.0047156623726507,0.8856464299768536,0,-9.370835992442153,0.0032186189555276,-0.0006820934781671,-0.0034358622764198
2025-11-12,25875.8,1,25711.894932311105,25668.87408015171,-1.0,0.0070383480022337,-0.0070383480022337,0.8794129421957406,0,43.02085215939587,0.0047156623726507,0.0032186189555276,-0.0006820934781671
2025-11-13,25879.15,0,25767.64662154074,25695.158570132746,-1.0,0.0001294645962637,-0.0001294645962637,0.8792990893542302,0,72.48805140799595,0.0070383480022337,0.0047156623726507,0.0032186189555276
2025-11-14,25910.05,1,25815.114414360494,25722.01999886615,-1.0,0.0011940113952737,-0.0011940113952737,0.8782491962216874,0,93.09441549434268,0.0001294645962637,0.0070383480022337,0.0047156623726507
2025-11-17,26013.45,0,25881.226276240333,25758.448749007883,-1.0,0.0039907294659795,-0.0039907294659795,0.8747443412758528,0,122.77752723245067,0.0011940113952737,0.0001294645962637,0.0070383480022337
2025-11-18,25910.05,1,25890.834184160223,25777.39890538189,-1.0,-0.0039748668477268,0.0039748668477268,0.8782213335582268,1,113.43527877833185,0.0039907294659795,0.0011940113952737,0.0001294645962637
2025-11-19,26052.65,0,25944.77278944015,25811.80529220916,-1.0,0.0055036559172985,-0.0055036559172985,0.8733879055190913,0,132.96749723099128,-0.0039748668477268,0.0039907294659795,0.0011940113952737
2025-11-20,26192.15,1,26027.23185962677,25859.34838068301,-1.0,0.0053545416685059,-0.0053545416685059,0.8687113135862202,0,167.88347894375693,0.0055036559172985,-0.0039748668477268,0.0039907294659795
2025-11-21,26068.15,0,26040.871239751184,25885.448583097637,-1.0,-0.0047342428933859,0.0047342428933859,0.8728240039489696,1,155.42265665354716,0.0053545416685059,0.0055036559172985,-0.0039748668477268
2025-11-24,25959.5,1,26013.74749316746,25894.70501021043,-1.0,-0.0041679213906625,0.0041679213906625,0.8764618657853123,1,119.04248295702928,-0.0047342428933859,0.0053545416685059,0.0055036559172985
2025-11-25,25884.8,0,25970.764995444973,25893.466883934125,-1.0,-0.0028775592750245,0.0028775592750245,0.8789839367564081,1,77.29811151084868,-0.0041679213906625,-0.0047342428933859,0.0053545416685059
2025-11-26,26205.3,1,26048.94333029665,25932.44602344236,-1.0,0.0123817839040671,-0.0123817839040671,0.868100547596344,0,116.49730685428949,-0.0028775592750245,-0.0041679213906625,-0.0047342428933859
2025-11-27,26215.55,0,26104.478886864435,25967.834020512066,-1.0,0.0003911422498501,-0.0003911422498501,0.867760996795061,0,136.64486635236972,0.0123817839040671,-0.0028775592750245,-0.0041679213906625
2025-11-28,26202.95,1,26137.30259124296,25997.223517948056,-1.0,-0.0004806307706685,0.0004806307706685,0.8681780694317066,1,140.07907329490263,0.0003911422498501,0.0123817839040671,-0.0028775592750245
2025-12-01,26175.75,0,26150.11839416197,26019.539328204548,-1.0,-0.0010380510591364,0.0010380510591364,0.8690792825961992,1,130.57906595742315,-0.0004806307706685,0.0003911422498501,0.0123817839040671
2025-12-02,26032.2,1,26110.81226277465,26021.12191217898,-1.0,-0.0054840835506145,0.0054840835506145,0.8738453859940648,1,89.69035059566886,-0.0010380510591364,-0.0004806307706685,0.0003911422498501
2025-12-03,25986.0,0,26069.208175183103,26016.73167315661,-1.0,-0.0017747251480858,0.0017747251480858,0.8753962213761272,1,52.47650202649311,-0.0054840835506145,-0.0010380510591364,-0.0004806307706685
2025-12-04,26033.75,1,26057.388783455404,26018.85896401203,-1.0,0.0018375278996383,-0.0018375278996383,0.8737876563961106,0,38.529819443374436,-0.0017747251480858,-0.0054840835506145,-0.0010380510591364
2025-12-05,26186.45,0,26100.409188970272,26039.807843510527,-1.0,0.0058654631007826,-0.0058654631007826,0.8686624871395998,0,60.60134545974506,0.0018375278996383,-0.0017747251480858,-0.0054840835506145
2025-12-08,25960.55,1,26053.78945931352,26029.90061307171,-1.0,-0.00862659887079,0.00862659887079,0.876156089970256,1,23.888846241810825,0.0058654631007826,0.0018375278996383,-0.0017747251480858
2025-12-09,25839.65,0,25982.409639542348,26006.119286437744,-1.0,-0.0046570662023723,0.0046570662023723,0.8802364068848592,1,-23.709646895396872,-0.00862659887079,0.0058654631007826,0.0018375278996383
2025-12-10,25758.0,1,25907.606426361566,25975.104375633025,-1.0,-0.0031598725214931,0.0031598725214931,0.8830178417193926,1,-67.49794927145922,-0.0046570662023723,-0.00862659887079,0.0058654631007826
2025-12-11,25898.55,0,25904.58761757438,25965.53507867889,-1.0,0.0054565571861169,-0.0054565571861169,0.8781996043696891,0,-60.9474611045116,-0.0031598725214931,-0.0046570662023723,-0.00862659887079
2025-12-12,26046.95,1,25952.041745049588,25975.711943844035,-1.0,0.005730050524064,-0.005730050524064,0.8731674762664379,0,-23.67019879444706,0.0054565571861169,-0.0031598725214931,-0.0046570662023723
2025-12-15,26027.3,0,25977.12783003306,25982.16045086353,-1.0,-0.0007544069459188,0.0007544069459188,0.8738261998754837,1,-5.032620830468659,0.005730050524064,0.0054565571861169,-0.0031598725214931
2025-12-16,25860.1,1,25938.118553355376,25966.902894505587,-1.0,-0.0064240240055634,0.0064240240055634,0.879439680360174,1,-28.78434115021082,-0.0007544069459188,0.005730050524064,0.0054565571861169
2025-12-17,25818.55,0,25898.262368903583,25948.358782692387,-1.0,-0.0016067223251263,0.0016067223251263,0.8808526957282107,1,-50.09641378880406,-0.0064240240055634,-0.0007544069459188,0.005730050524064
2025-12-18,25815.55,1,25870.691579269056,25931.75768485584,-1.0,-0.0001161955260848,0.0001161955260848,0.8809550468705941,1,-61.066105586782214,-0.0016067223251263,-0.0064240240055634,-0.0007544069459188
2025-12-19,25966.4,0,25902.59438617937,25936.087974248858,-1.0,0.0058433773442752,-0.0058433773442752,0.8758072941083855,0,-33.49358806948658,-0.0001161955260848,-0.0016067223251263,-0.0064240240055634
2025-12-22,26172.4,1,25992.529590786253,25965.62697746775,-1.0,0.0079333292254606,-0.0079333292254606,0.8688592265061639,0,26.902613318503427,0.0058433773442752,-0.0001161955260848,-0.0016067223251263
2025-12-23,26177.15,0,26054.06972719084,25992.06735528428,-1.0,0.0001814888967004,-0.0001814888967004,0.8687015382037573,0,62.00237190655753,0.0079333292254606,0.0058433773442752,-0.0001161955260848
2025-12-24,26142.1,1,26083.41315146056,26010.821435873742,-1.0,-0.0013389540114184,0.0013389540114184,0.8698646896130605,1,72.59171558681919,0.0001814888967004,0.0079333292254606,0.0058433773442752
2025-12-26,26042.3,0,26069.70876764037,26014.756256389526,-1.0,-0.0038175969030797,0.0038175969030797,0.8731854823582256,1,54.95251125084542,-0.0013389540114184,0.0001814888967004,0.0079333292254606
2025-12-29,25942.1,1,26027.17251176025,26005.67422434084,-1.0,-0.0038475864266981,0.0038475864266981,0.8765451389681368,1,21.49828741941019,-0.0038175969030797,-0.0013389540114184,0.0001814888967004
2025-12-30,25938.85,0,25997.731674506835,25997.321196298235,-1.0,-0.0001252789866664,0.0001252789866664,0.876654951654914,1,0.4104782085996703,-0.0038475864266981,-0.0038175969030797,-0.0013389540114184
2025-12-31,26129.6,1,26041.68778300456,26013.85604676096,-1.0,0.0073538341136942,-0.0073538341136942,0.8702081765654952,0,27.831736243599153,-0.0001252789866664,-0.0038475864266981,-0.0038175969030797
2026-01-01,26146.55,0,26076.641855336373,26030.44279091584,-1.0,0.0006486896087196,-0.0006486896087196,0.8696436815639343,0,46.19906442053252,0.0073538341136942,-0.0001252789866664,-0.0038475864266981
2026-01-02,26328.55,1,26160.61123689092,26067.706192051355,-1.0,0.0069607653782239,-0.0069607653782239,0.863590295933913,0,92.90504483956465,0.0006486896087196,0.0073538341136942,-0.0001252789866664
2026-01-05,26250.3,0,26190.50749126061,26090.53041804493,-1.0,-0.0029720588486642,0.0029720588486642,0.8661569371145639,1,99.97707321567941,0.0069607653782239,0.0006486896087196,0.0073538341136942
2026-01-06,26178.7,1,26186.57166084041,26101.55161578932,-1.0,-0.0027275878751861,0.0027275878751861,0.8685194562742458,1,85.02004505108926,-0.0029720588486642,0.0069607653782239,0.0006486896087196
2026-01-07,26140.75,0,26171.29777389361,26106.45141381565,-1.0,-0.0014496518161711,0.0014496518161711,0.8697785070814136,1,64.84636007796144,-0.0027275878751861,-0.0029720588486642,0.0069607653782239
2026-01-08,25876.85,1,26073.148515929075,26077.75123708869,-1.0,-0.0100953492153056,0.0100953492153056,0.8785592248503675,1,-4.602721159615612,-0.0014496518161711,-0.0027275878751861,-0.0029720588486642
2026-01-09,25683.3,0,25943.199010619384,26028.44483245261,-1.0,-0.0074796584592019,0.0074796584592019,0.8851305477884294,1,-85.24582183322491,-0.0100953492153056,-0.0014496518161711,-0.0027275878751861
2026-01-12,25790.25,1,25892.21600707959,25998.67047839603,-1.0,0.0041641845090001,-0.0041641845090001,0.881444700872886,0,-106.4544713164396,-0.0074796584592019,-0.0100953492153056,-0.0014496518161711
2026-01-13,25732.3,0,25838.910671386395,25965.374168596525,-1.0,-0.0022469731778482,0.0022469731778482,0.8834252834735038,1,-126.4634972101303,0.0041641845090001,-0.0074796584592019,-0.0100953492153056
2026-01-14,25665.6,1,25781.14044759093,25927.90239752196,-1.0,-0.0025920729977498,0.0025920729977498,0.885715186296325,1,-146.76194993103127,-0.0022469731778482,0.0041641845090001,-0.0074796584592019
